"Majority Baseline"	0.35996585511	1
"Majority Baseline"	0.360683199618	2
"Majority Baseline"	0.335950373621	3
